,ARIMA,LSTM
Mean Absolute Error,67.39311777134188,158.40730094834822
Annualized Volatility,30.217907157893606,848.2737010177428
Trend Accuracy,0.4799107142857143,0.49107142857142855
