,ARIMA,LSTM
MAE,66.43355863862405,158.40730088223185
RMSE,66.51246596736212,167.15839459122446
MAPE,434.5969795519544,1025.4020480541315
