,Min Volatility,Max Sharpe
TSLA,0.0,0.0
SPY,0.056061642138649045,0.0
BND,0.9439383578613509,1.0
